SEASON_ID,TEAM_ID,TEAM_ABBREVIATION,TEAM_NAME,GAME_ID,GAME_DATE,MATCHUP,WL,MIN,PTS,FGM,FGA,FG_PCT,FG3M,FG3A,FG3_PCT,FTM,FTA,FT_PCT,OREB,DREB,REB,AST,STL,BLK,TOV,PF,PLUS_MINUS
42015,1610612761,TOR,Toronto Raptors,0041500306,2016-05-27,TOR vs. CLE,L,240,87,33,79,0.418,8,25,0.32,13,17,0.765,7,26,33,10,6,2,12,19,-26.0
42015,1610612761,TOR,Toronto Raptors,0041500305,2016-05-25,TOR @ CLE,L,239,78,27,69,0.391,3,17,0.176,21,35,0.6,5,22,27,19,9,3,18,25,-38.0
42015,1610612761,TOR,Toronto Raptors,0041500304,2016-05-23,TOR vs. CLE,W,239,105,42,78,0.538,7,22,0.318,14,19,0.737,9,26,35,17,8,3,8,16,6.0
42015,1610612761,TOR,Toronto Raptors,0041500303,2016-05-21,TOR vs. CLE,W,241,99,38,83,0.458,12,31,0.387,11,13,0.846,12,42,54,15,1,4,9,17,15.0
42015,1610612761,TOR,Toronto Raptors,0041500302,2016-05-19,TOR @ CLE,L,239,89,33,82,0.402,9,33,0.273,14,18,0.778,7,31,38,17,6,4,12,31,-19.0
42015,1610612761,TOR,Toronto Raptors,0041500301,2016-05-17,TOR @ CLE,L,242,84,32,76,0.421,5,24,0.208,15,20,0.75,4,19,23,19,8,1,14,25,-31.0
42015,1610612761,TOR,Toronto Raptors,0041500217,2016-05-15,TOR vs. MIA,W,241,116,39,85,0.459,9,20,0.45,29,43,0.674,20,30,50,17,8,4,9,23,27.0
42015,1610612761,TOR,Toronto Raptors,0041500216,2016-05-13,TOR @ MIA,L,240,91,34,82,0.415,4,16,0.25,19,25,0.76,8,35,43,10,4,4,8,18,-12.0
42015,1610612761,TOR,Toronto Raptors,0041500215,2016-05-11,TOR vs. MIA,W,239,99,35,81,0.432,7,17,0.412,22,26,0.846,11,28,39,16,10,7,9,20,8.0
42015,1610612761,TOR,Toronto Raptors,0041500214,2016-05-09,TOR @ MIA,L,266,87,33,84,0.393,6,20,0.3,15,19,0.789,7,32,39,12,7,2,14,23,-7.0
42015,1610612761,TOR,Toronto Raptors,0041500213,2016-05-07,TOR @ MIA,W,240,95,33,70,0.471,8,18,0.444,21,28,0.75,6,29,35,16,5,0,13,22,4.0
42015,1610612761,TOR,Toronto Raptors,0041500212,2016-05-05,TOR vs. MIA,W,266,96,39,93,0.419,4,18,0.222,14,26,0.538,13,26,39,14,15,1,9,21,4.0
42015,1610612761,TOR,Toronto Raptors,0041500211,2016-05-03,TOR vs. MIA,L,265,96,40,89,0.449,5,21,0.238,11,15,0.733,4,37,41,19,10,6,15,25,-6.0
42015,1610612761,TOR,Toronto Raptors,0041500117,2016-05-01,TOR vs. IND,W,240,89,34,89,0.382,8,24,0.333,13,17,0.765,18,31,49,21,7,7,8,12,5.0
42015,1610612761,TOR,Toronto Raptors,0041500116,2016-04-29,TOR @ IND,L,241,83,29,79,0.367,9,29,0.31,16,25,0.64,15,25,40,14,9,5,16,23,-18.0
42015,1610612761,TOR,Toronto Raptors,0041500115,2016-04-26,TOR vs. IND,W,241,102,33,82,0.402,6,26,0.231,30,35,0.857,12,29,41,12,9,3,7,18,3.0
42015,1610612761,TOR,Toronto Raptors,0041500114,2016-04-23,TOR @ IND,L,239,83,27,74,0.365,8,30,0.267,21,30,0.7,11,29,40,12,8,3,17,20,-17.0
42015,1610612761,TOR,Toronto Raptors,0041500113,2016-04-21,TOR @ IND,W,239,101,39,94,0.415,10,31,0.323,13,16,0.813,15,30,45,18,6,4,11,27,16.0
42015,1610612761,TOR,Toronto Raptors,0041500112,2016-04-18,TOR vs. IND,W,240,98,35,80,0.438,5,18,0.278,23,25,0.92,12,32,44,19,8,5,13,25,11.0
42015,1610612761,TOR,Toronto Raptors,0041500111,2016-04-16,TOR vs. IND,L,240,90,30,79,0.38,4,19,0.211,26,38,0.684,20,32,52,17,6,5,19,27,-10.0
22015,1610612761,TOR,Toronto Raptors,0021501218,2016-04-13,TOR @ BKN,W,241,103,41,93,0.441,13,37,0.351,8,15,0.533,16,41,57,24,5,10,9,12,7.0
22015,1610612761,TOR,Toronto Raptors,0021501214,2016-04-12,TOR vs. PHI,W,239,122,48,95,0.505,10,25,0.4,16,19,0.842,16,36,52,25,11,5,13,20,24.0
22015,1610612761,TOR,Toronto Raptors,0021501202,2016-04-10,TOR @ NYK,W,240,93,37,78,0.474,7,20,0.35,12,19,0.632,7,31,38,19,4,6,6,19,4.0
22015,1610612761,TOR,Toronto Raptors,0021501183,2016-04-08,TOR vs. IND,W,241,111,37,68,0.544,10,22,0.455,27,38,0.711,5,31,36,21,4,5,16,19,13.0
22015,1610612761,TOR,Toronto Raptors,0021501173,2016-04-07,TOR @ ATL,L,240,87,32,84,0.381,8,21,0.381,15,20,0.75,8,38,46,16,10,4,11,16,-8.0
22015,1610612761,TOR,Toronto Raptors,0021501156,2016-04-05,TOR vs. CHA,W,241,96,34,78,0.436,6,23,0.261,22,31,0.71,7,40,47,19,6,8,11,16,6.0
22015,1610612761,TOR,Toronto Raptors,0021501140,2016-04-02,TOR @ SAS,L,241,95,40,80,0.5,6,18,0.333,9,10,0.9,6,26,32,18,8,3,13,21,-7.0
22015,1610612761,TOR,Toronto Raptors,0021501132,2016-04-01,TOR @ MEM,W,239,99,30,71,0.423,12,28,0.429,27,29,0.931,11,30,41,16,8,12,18,19,4.0
22015,1610612761,TOR,Toronto Raptors,0021501113,2016-03-30,TOR vs. ATL,W,240,105,36,80,0.45,11,23,0.478,22,28,0.786,8,36,44,26,14,4,11,19,8.0
22015,1610612761,TOR,Toronto Raptors,0021501098,2016-03-28,TOR vs. OKC,L,239,100,38,93,0.409,8,24,0.333,16,23,0.696,12,28,40,19,4,7,9,21,-19.0
22015,1610612761,TOR,Toronto Raptors,0021501084,2016-03-26,TOR @ NOP,W,239,115,39,73,0.534,12,29,0.414,25,28,0.893,7,41,48,24,6,7,13,18,24.0
22015,1610612761,TOR,Toronto Raptors,0021501077,2016-03-25,TOR @ HOU,L,240,109,39,94,0.415,13,31,0.419,18,26,0.692,15,30,45,23,9,5,10,24,-3.0
22015,1610612761,TOR,Toronto Raptors,0021501057,2016-03-23,TOR @ BOS,L,239,79,31,89,0.348,6,22,0.273,11,20,0.55,15,37,52,13,3,7,11,15,-12.0
22015,1610612761,TOR,Toronto Raptors,0021501038,2016-03-20,TOR vs. ORL,W,240,105,35,81,0.432,6,20,0.3,29,45,0.644,14,31,45,18,8,7,10,18,5.0
22015,1610612761,TOR,Toronto Raptors,0021501023,2016-03-18,TOR vs. BOS,W,242,105,37,77,0.481,13,28,0.464,18,25,0.72,7,33,40,18,10,8,12,19,14.0
22015,1610612761,TOR,Toronto Raptors,0021501012,2016-03-17,TOR @ IND,W,264,101,32,88,0.364,7,22,0.318,30,38,0.789,15,42,57,11,5,5,14,21,7.0
22015,1610612761,TOR,Toronto Raptors,0021501000,2016-03-15,TOR @ MIL,W,242,107,39,83,0.47,14,30,0.467,15,17,0.882,13,35,48,27,4,8,9,23,18.0
22015,1610612761,TOR,Toronto Raptors,0021500991,2016-03-14,TOR vs. CHI,L,241,107,37,83,0.446,6,20,0.3,27,31,0.871,10,32,42,12,5,9,5,18,-2.0
22015,1610612761,TOR,Toronto Raptors,0021500977,2016-03-12,TOR vs. MIA,W,265,112,37,84,0.44,6,18,0.333,32,38,0.842,7,35,42,17,10,7,13,23,8.0
22015,1610612761,TOR,Toronto Raptors,0021500959,2016-03-10,TOR vs. ATL,W,241,104,38,82,0.463,7,24,0.292,21,29,0.724,11,37,48,16,6,3,13,24,8.0
22015,1610612761,TOR,Toronto Raptors,0021500944,2016-03-08,TOR vs. BKN,W,240,104,37,78,0.474,10,23,0.435,20,25,0.8,12,28,40,24,9,7,16,15,5.0
22015,1610612761,TOR,Toronto Raptors,0021500936,2016-03-06,TOR vs. HOU,L,238,107,37,77,0.481,12,33,0.364,21,27,0.778,7,35,42,27,8,6,15,24,-6.0
22015,1610612761,TOR,Toronto Raptors,0021500916,2016-03-04,TOR vs. POR,W,242,117,34,67,0.507,6,12,0.5,43,54,0.796,9,29,38,12,5,4,13,30,2.0
22015,1610612761,TOR,Toronto Raptors,0021500900,2016-03-02,TOR vs. UTA,W,241,104,40,80,0.5,6,22,0.273,18,21,0.857,10,35,45,12,7,5,9,18,10.0
22015,1610612761,TOR,Toronto Raptors,0021500879,2016-02-28,TOR @ DET,L,241,101,39,80,0.488,10,21,0.476,13,18,0.722,8,24,32,21,5,1,5,24,-13.0
22015,1610612761,TOR,Toronto Raptors,0021500864,2016-02-26,TOR vs. CLE,W,240,99,37,73,0.507,6,17,0.353,19,26,0.731,5,29,34,18,6,0,11,23,2.0
22015,1610612761,TOR,Toronto Raptors,0021500849,2016-02-24,TOR vs. MIN,W,238,114,41,85,0.482,10,26,0.385,22,26,0.846,13,26,39,21,7,7,12,22,9.0
22015,1610612761,TOR,Toronto Raptors,0021500835,2016-02-22,TOR @ NYK,W,240,122,46,87,0.529,11,25,0.44,19,25,0.76,13,34,47,26,7,6,6,19,27.0
22015,1610612761,TOR,Toronto Raptors,0021500829,2016-02-21,TOR vs. MEM,W,240,98,33,81,0.407,7,28,0.25,25,31,0.806,9,38,47,12,4,2,12,22,13.0
22015,1610612761,TOR,Toronto Raptors,0021500809,2016-02-19,TOR @ CHI,L,240,106,38,88,0.432,5,18,0.278,25,34,0.735,11,34,45,22,7,7,8,19,-10.0
22015,1610612761,TOR,Toronto Raptors,0021500797,2016-02-10,TOR @ MIN,L,241,112,39,86,0.453,10,31,0.323,24,32,0.75,11,29,40,19,3,10,6,34,-5.0
22015,1610612761,TOR,Toronto Raptors,0021500779,2016-02-08,TOR @ DET,W,240,103,39,70,0.557,11,20,0.55,14,17,0.824,2,34,36,22,11,2,15,22,14.0
22015,1610612761,TOR,Toronto Raptors,0021500748,2016-02-04,TOR @ POR,W,240,110,40,85,0.471,12,19,0.632,18,25,0.72,12,33,45,23,7,6,14,18,7.0
22015,1610612761,TOR,Toronto Raptors,0021500732,2016-02-02,TOR @ PHX,W,241,104,35,74,0.473,9,27,0.333,25,32,0.781,8,27,35,15,9,3,12,22,7.0
22015,1610612761,TOR,Toronto Raptors,0021500727,2016-02-01,TOR @ DEN,L,240,93,29,78,0.372,8,25,0.32,27,39,0.692,9,26,35,13,13,6,12,17,-19.0
22015,1610612761,TOR,Toronto Raptors,0021500708,2016-01-30,TOR vs. DET,W,241,111,36,78,0.462,4,14,0.286,35,47,0.745,13,32,45,12,9,3,13,20,4.0
22015,1610612761,TOR,Toronto Raptors,0021500694,2016-01-28,TOR vs. NYK,W,239,103,37,85,0.435,8,20,0.4,21,29,0.724,15,35,50,21,7,11,10,19,10.0
22015,1610612761,TOR,Toronto Raptors,0021500680,2016-01-26,TOR vs. WAS,W,241,106,35,79,0.443,11,29,0.379,25,32,0.781,11,37,48,20,7,3,15,22,17.0
22015,1610612761,TOR,Toronto Raptors,0021500666,2016-01-24,TOR vs. LAC,W,240,112,41,83,0.494,12,22,0.545,18,26,0.692,8,36,44,19,8,3,15,26,18.0
22015,1610612761,TOR,Toronto Raptors,0021500649,2016-01-22,TOR vs. MIA,W,242,101,35,75,0.467,13,25,0.52,18,21,0.857,6,35,41,19,4,8,12,15,20.0
22015,1610612761,TOR,Toronto Raptors,0021500633,2016-01-20,TOR vs. BOS,W,240,115,46,83,0.554,11,29,0.379,12,17,0.706,9,28,37,23,7,5,13,15,6.0
22015,1610612761,TOR,Toronto Raptors,0021500621,2016-01-18,TOR vs. BKN,W,241,112,43,85,0.506,13,24,0.542,13,18,0.722,8,28,36,24,8,4,7,17,12.0
22015,1610612761,TOR,Toronto Raptors,0021500588,2016-01-14,TOR @ ORL,W,267,106,37,90,0.411,8,24,0.333,24,31,0.774,11,36,47,20,11,11,10,16,3.0
22015,1610612761,TOR,Toronto Raptors,0021500554,2016-01-09,TOR @ PHI,W,242,108,41,75,0.547,5,17,0.294,21,27,0.778,6,31,37,19,7,7,13,16,13.0
22015,1610612761,TOR,Toronto Raptors,0021500540,2016-01-08,TOR @ WAS,W,240,97,34,75,0.453,5,14,0.357,24,26,0.923,6,41,47,11,7,13,22,18,9.0
22015,1610612761,TOR,Toronto Raptors,0021500529,2016-01-06,TOR @ BKN,W,240,91,35,80,0.438,4,22,0.182,17,18,0.944,12,37,49,16,12,7,17,15,17.0
22015,1610612761,TOR,Toronto Raptors,0021500511,2016-01-04,TOR @ CLE,L,240,100,36,73,0.493,8,19,0.421,20,29,0.69,8,18,26,24,9,5,9,19,-22.0
22015,1610612761,TOR,Toronto Raptors,0021500507,2016-01-03,TOR vs. CHI,L,240,113,42,92,0.457,13,31,0.419,16,19,0.842,13,24,37,21,6,8,8,19,-2.0
22015,1610612761,TOR,Toronto Raptors,0021500492,2016-01-01,TOR vs. CHA,W,240,104,36,91,0.396,15,33,0.455,17,18,0.944,20,34,54,21,6,4,13,19,10.0
22015,1610612761,TOR,Toronto Raptors,0021500477,2015-12-30,TOR vs. WAS,W,240,94,28,82,0.341,6,24,0.25,32,39,0.821,15,40,55,14,5,6,16,16,3.0
22015,1610612761,TOR,Toronto Raptors,0021500463,2015-12-28,TOR @ CHI,L,240,97,38,88,0.432,6,20,0.3,15,24,0.625,11,35,46,23,5,5,7,19,-7.0
22015,1610612761,TOR,Toronto Raptors,0021500441,2015-12-26,TOR @ MIL,W,239,111,42,81,0.519,13,29,0.448,14,19,0.737,9,35,44,31,7,10,8,17,21.0
22015,1610612761,TOR,Toronto Raptors,0021500421,2015-12-22,TOR vs. DAL,W,241,103,35,74,0.473,12,26,0.462,21,27,0.778,10,43,53,20,4,4,17,19,4.0
22015,1610612761,TOR,Toronto Raptors,0021500408,2015-12-20,TOR vs. SAC,L,240,94,35,94,0.372,8,29,0.276,16,17,0.941,13,36,49,12,8,3,12,18,-10.0
22015,1610612761,TOR,Toronto Raptors,0021500390,2015-12-18,TOR @ MIA,W,240,108,41,80,0.513,8,21,0.381,18,22,0.818,6,32,38,18,11,5,7,12,14.0
22015,1610612761,TOR,Toronto Raptors,0021500383,2015-12-17,TOR @ CHA,L,265,99,35,97,0.361,9,39,0.231,20,28,0.714,9,37,46,18,7,10,8,22,-10.0
22015,1610612761,TOR,Toronto Raptors,0021500357,2015-12-14,TOR @ IND,L,240,90,29,79,0.367,10,28,0.357,22,26,0.846,15,30,45,10,9,6,18,21,-16.0
22015,1610612761,TOR,Toronto Raptors,0021500355,2015-12-13,TOR vs. PHI,W,242,96,32,78,0.41,7,22,0.318,25,34,0.735,8,33,41,14,11,9,8,15,20.0
22015,1610612761,TOR,Toronto Raptors,0021500337,2015-12-11,TOR vs. MIL,W,240,90,34,70,0.486,7,20,0.35,15,23,0.652,7,32,39,16,9,8,16,23,7.0
22015,1610612761,TOR,Toronto Raptors,0021500323,2015-12-09,TOR vs. SAS,W,240,97,37,64,0.578,3,10,0.3,20,22,0.909,4,30,34,23,10,2,20,24,3.0
22015,1610612761,TOR,Toronto Raptors,0021500308,2015-12-07,TOR vs. LAL,W,240,102,34,74,0.459,9,25,0.36,25,32,0.781,8,30,38,18,7,2,7,13,9.0
22015,1610612761,TOR,Toronto Raptors,0021500290,2015-12-05,TOR vs. GSW,L,239,109,40,91,0.44,8,20,0.4,21,26,0.808,11,27,38,21,9,3,6,27,-3.0
22015,1610612761,TOR,Toronto Raptors,0021500278,2015-12-03,TOR vs. DEN,L,240,105,39,92,0.424,8,27,0.296,19,22,0.864,9,30,39,21,9,3,4,16,-1.0
22015,1610612761,TOR,Toronto Raptors,0021500272,2015-12-02,TOR @ ATL,W,241,96,36,79,0.456,6,25,0.24,18,24,0.75,8,42,50,12,10,5,12,18,10.0
22015,1610612761,TOR,Toronto Raptors,0021500250,2015-11-29,TOR vs. PHX,L,240,102,38,86,0.442,12,29,0.414,14,17,0.824,8,35,43,19,6,7,11,17,-5.0
22015,1610612761,TOR,Toronto Raptors,0021500239,2015-11-28,TOR @ WAS,W,240,84,31,72,0.431,11,24,0.458,11,14,0.786,6,42,48,17,8,7,22,21,2.0
22015,1610612761,TOR,Toronto Raptors,0021500219,2015-11-25,TOR vs. CLE,W,240,103,40,79,0.506,11,25,0.44,12,22,0.545,6,34,40,14,8,5,9,15,4.0
22015,1610612761,TOR,Toronto Raptors,0021500196,2015-11-22,TOR @ LAC,W,240,91,29,78,0.372,4,17,0.235,29,31,0.935,14,32,46,15,8,0,14,19,11.0
22015,1610612761,TOR,Toronto Raptors,0021500188,2015-11-20,TOR @ LAL,W,241,102,34,78,0.436,15,33,0.455,19,24,0.792,12,29,41,21,7,3,12,15,11.0
22015,1610612761,TOR,Toronto Raptors,0021500173,2015-11-18,TOR @ UTA,L,241,89,34,80,0.425,5,20,0.25,16,18,0.889,9,28,37,14,10,4,14,17,-4.0
22015,1610612761,TOR,Toronto Raptors,0021500164,2015-11-17,TOR @ GSW,L,240,110,37,79,0.468,6,18,0.333,30,39,0.769,12,28,40,18,11,2,18,25,-5.0
22015,1610612761,TOR,Toronto Raptors,0021500150,2015-11-15,TOR @ SAC,L,241,101,38,87,0.437,15,31,0.484,10,14,0.714,7,29,36,18,13,1,15,20,-6.0
22015,1610612761,TOR,Toronto Raptors,0021500131,2015-11-13,TOR vs. NOP,W,239,100,34,77,0.442,9,21,0.429,23,27,0.852,13,35,48,19,8,5,15,19,19.0
22015,1610612761,TOR,Toronto Raptors,0021500115,2015-11-11,TOR @ PHI,W,241,119,43,89,0.483,5,18,0.278,28,31,0.903,17,39,56,22,7,7,8,18,16.0
22015,1610612761,TOR,Toronto Raptors,0021500109,2015-11-10,TOR vs. NYK,L,240,109,37,84,0.44,4,17,0.235,31,39,0.795,14,35,49,25,7,6,11,17,-2.0
22015,1610612761,TOR,Toronto Raptors,0021500096,2015-11-08,TOR @ MIA,L,240,76,28,71,0.394,3,19,0.158,17,22,0.773,7,31,38,17,8,5,16,21,-20.0
22015,1610612761,TOR,Toronto Raptors,0021500075,2015-11-06,TOR @ ORL,L,241,87,30,86,0.349,5,23,0.217,22,29,0.759,15,29,44,13,5,5,9,18,-5.0
22015,1610612761,TOR,Toronto Raptors,0021500066,2015-11-04,TOR @ OKC,W,240,103,33,79,0.418,5,14,0.357,32,39,0.821,12,33,45,12,14,3,14,16,5.0
22015,1610612761,TOR,Toronto Raptors,0021500057,2015-11-03,TOR @ DAL,W,241,102,37,82,0.451,5,17,0.294,23,26,0.885,10,37,47,18,8,6,16,26,11.0
22015,1610612761,TOR,Toronto Raptors,0021500042,2015-11-01,TOR vs. MIL,W,238,106,41,90,0.456,11,25,0.44,13,20,0.65,18,28,46,22,12,3,13,19,19.0
22015,1610612761,TOR,Toronto Raptors,0021500024,2015-10-30,TOR @ BOS,W,240,113,36,82,0.439,11,26,0.423,30,35,0.857,9,44,53,23,11,3,21,33,10.0
22015,1610612761,TOR,Toronto Raptors,0021500009,2015-10-28,TOR vs. IND,W,239,106,36,80,0.45,7,18,0.389,27,39,0.692,9,41,50,19,8,2,20,24,7.0
12015,1610612761,TOR,Toronto Raptors,0011500107,2015-10-23,TOR vs. WAS,W,239,92,33,92,0.359,7,23,0.304,19,22,0.864,18,36,54,19,9,1,11,21,10.0
12015,1610612761,TOR,Toronto Raptors,0011500078,2015-10-18,TOR vs. CLE,W,240,87,33,86,0.384,7,25,0.28,14,24,0.583,8,33,41,22,11,6,11,20,6.0
12015,1610612761,TOR,Toronto Raptors,0011500058,2015-10-14,TOR @ MIN,L,241,87,31,68,0.456,9,24,0.375,16,24,0.667,6,26,32,17,13,2,18,25,-2.0
12015,1610612761,TOR,Toronto Raptors,0011500048,2015-10-12,TOR vs. MIN,W,238,112,36,77,0.468,9,25,0.36,31,42,0.738,9,36,45,14,3,9,16,29,7.0
12015,1610612761,TOR,Toronto Raptors,0011500028,2015-10-08,TOR @ LAL,W,239,105,37,76,0.487,10,21,0.476,21,30,0.7,12,27,39,21,4,3,12,27,8.0
12015,1610612761,TOR,Toronto Raptors,0011500009,2015-10-05,TOR @ GSW,L,240,87,32,85,0.376,4,16,0.25,19,23,0.826,15,33,48,15,10,0,14,19,-8.0
12015,1610612761,TOR,Toronto Raptors,0011500005,2015-10-04,TOR vs. LAC,W,241,93,31,73,0.425,2,11,0.182,29,36,0.806,9,39,48,11,12,6,19,25,20.0
22015,1610612761,TOR,Toronto Raptors,1521500060,2015-07-17,TOR vs. POR,L,199,64,24,69,0.348,3,23,0.13,13,18,0.722,11,35,46,11,8,7,16,23,-8.0
22015,1610612761,TOR,Toronto Raptors,1521500051,2015-07-16,TOR vs. CHI,L,200,80,27,70,0.386,4,14,0.286,22,34,0.647,17,39,56,13,6,10,18,27,-4.0
22015,1610612761,TOR,Toronto Raptors,1521500029,2015-07-13,TOR @ HOU,W,199,95,33,69,0.478,4,16,0.25,25,38,0.658,9,43,52,11,7,9,22,36,8.0
22015,1610612761,TOR,Toronto Raptors,1521500017,2015-07-12,TOR vs. CHI,W,201,81,31,75,0.413,5,18,0.278,14,22,0.636,13,30,43,10,7,6,13,29,15.0
22015,1610612761,TOR,Toronto Raptors,1521500002,2015-07-10,TOR vs. SAC,W,200,90,35,72,0.486,4,18,0.222,16,25,0.64,9,28,37,16,13,5,14,25,22.0
42016,1610612761,TOR,Toronto Raptors,0041600214,2017-05-07,TOR vs. CLE,L,240,102,40,85,0.471,10,29,0.345,12,15,0.8,8,29,37,28,7,3,11,18,-7.0
42016,1610612761,TOR,Toronto Raptors,0041600213,2017-05-05,TOR vs. CLE,L,238,94,38,87,0.437,2,18,0.111,16,17,0.941,1,24,25,17,9,4,4,21,-21.0
42016,1610612761,TOR,Toronto Raptors,0041600212,2017-05-03,TOR @ CLE,L,242,103,42,90,0.467,5,17,0.294,14,19,0.737,8,29,37,21,8,4,13,21,-22.0
42016,1610612761,TOR,Toronto Raptors,0041600211,2017-05-01,TOR @ CLE,L,239,105,39,89,0.438,10,26,0.385,17,20,0.85,8,35,43,22,5,5,12,22,-11.0
42016,1610612761,TOR,Toronto Raptors,0041600126,2017-04-27,TOR @ MIL,W,241,92,32,70,0.457,9,22,0.409,19,23,0.826,11,32,43,14,9,4,14,20,3.0
42016,1610612761,TOR,Toronto Raptors,0041600125,2017-04-24,TOR vs. MIL,W,239,118,41,71,0.577,12,27,0.444,24,26,0.923,5,35,40,28,10,6,17,24,25.0
42016,1610612761,TOR,Toronto Raptors,0041600124,2017-04-22,TOR @ MIL,W,240,87,33,80,0.413,5,22,0.227,16,17,0.941,4,37,41,16,11,6,12,19,11.0
42016,1610612761,TOR,Toronto Raptors,0041600123,2017-04-20,TOR @ MIL,L,240,77,24,71,0.338,6,22,0.273,23,30,0.767,9,31,40,11,6,4,15,21,-27.0
42016,1610612761,TOR,Toronto Raptors,0041600122,2017-04-18,TOR vs. MIL,W,240,106,37,77,0.481,14,29,0.483,18,25,0.72,6,34,40,24,6,4,12,22,6.0
42016,1610612761,TOR,Toronto Raptors,0041600121,2017-04-15,TOR vs. MIL,L,242,83,27,75,0.36,5,23,0.217,24,33,0.727,8,39,47,15,3,4,10,21,-14.0
22016,1610612761,TOR,Toronto Raptors,0021601218,2017-04-12,TOR @ CLE,W,239,98,40,86,0.465,8,26,0.308,10,16,0.625,12,36,48,20,8,2,8,20,15.0
22016,1610612761,TOR,Toronto Raptors,0021601196,2017-04-09,TOR @ NYK,W,240,110,40,77,0.519,10,31,0.323,20,23,0.87,5,36,41,20,8,1,10,14,13.0
22016,1610612761,TOR,Toronto Raptors,0021601180,2017-04-07,TOR vs. MIA,W,239,96,35,85,0.412,9,20,0.45,17,24,0.708,12,32,44,14,10,4,15,24,2.0
22016,1610612761,TOR,Toronto Raptors,0021601166,2017-04-05,TOR @ DET,W,241,105,41,87,0.471,10,30,0.333,13,15,0.867,7,29,36,29,7,2,11,14,3.0
22016,1610612761,TOR,Toronto Raptors,0021601157,2017-04-04,TOR @ IND,L,240,90,34,76,0.447,5,23,0.217,17,19,0.895,6,34,40,11,7,5,13,19,-18.0
22016,1610612761,TOR,Toronto Raptors,0021601147,2017-04-02,TOR vs. PHI,W,241,113,46,85,0.541,6,19,0.316,15,19,0.789,10,27,37,25,12,9,15,19,8.0
22016,1610612761,TOR,Toronto Raptors,0021601126,2017-03-31,TOR vs. IND,W,240,111,37,82,0.451,14,27,0.519,23,35,0.657,16,37,53,23,7,5,14,23,11.0
22016,1610612761,TOR,Toronto Raptors,0021601114,2017-03-29,TOR vs. CHA,L,240,106,38,83,0.458,11,31,0.355,19,24,0.792,13,31,44,23,4,7,13,22,-4.0
22016,1610612761,TOR,Toronto Raptors,0021601097,2017-03-27,TOR vs. ORL,W,240,131,49,83,0.59,10,15,0.667,23,35,0.657,9,34,43,24,7,8,15,25,19.0
22016,1610612761,TOR,Toronto Raptors,0021601084,2017-03-25,TOR @ DAL,W,241,94,39,81,0.481,9,21,0.429,7,9,0.778,12,32,44,22,9,3,14,21,8.0
22016,1610612761,TOR,Toronto Raptors,0021601068,2017-03-23,TOR @ MIA,W,240,101,35,79,0.443,6,23,0.261,25,32,0.781,11,40,51,10,9,3,17,21,17.0
22016,1610612761,TOR,Toronto Raptors,0021601051,2017-03-21,TOR vs. CHI,W,264,122,47,95,0.495,8,23,0.348,20,27,0.741,16,34,50,18,6,4,16,23,2.0
22016,1610612761,TOR,Toronto Raptors,0021601040,2017-03-19,TOR vs. IND,W,240,116,45,91,0.495,12,27,0.444,14,16,0.875,14,37,51,25,7,7,16,20,25.0
22016,1610612761,TOR,Toronto Raptors,0021601023,2017-03-17,TOR @ DET,W,239,87,30,78,0.385,9,27,0.333,18,20,0.9,8,45,53,19,5,2,12,21,12.0
22016,1610612761,TOR,Toronto Raptors,0021601015,2017-03-16,TOR vs. OKC,L,241,102,37,81,0.457,5,20,0.25,23,30,0.767,6,26,32,15,10,10,14,20,-21.0
22016,1610612761,TOR,Toronto Raptors,0021600992,2017-03-13,TOR vs. DAL,W,239,100,37,78,0.474,9,25,0.36,17,18,0.944,9,46,55,19,7,6,12,16,22.0
22016,1610612761,TOR,Toronto Raptors,0021600979,2017-03-11,TOR @ MIA,L,239,89,33,88,0.375,2,15,0.133,21,25,0.84,16,32,48,7,6,5,12,20,-15.0
22016,1610612761,TOR,Toronto Raptors,0021600969,2017-03-10,TOR @ ATL,L,240,99,37,92,0.402,4,25,0.16,21,27,0.778,16,30,46,19,17,5,11,28,-6.0
22016,1610612761,TOR,Toronto Raptors,0021600953,2017-03-08,TOR @ NOP,W,241,94,36,76,0.474,8,21,0.381,14,23,0.609,8,34,42,21,6,6,11,18,7.0
22016,1610612761,TOR,Toronto Raptors,0021600920,2017-03-04,TOR @ MIL,L,239,94,35,75,0.467,7,21,0.333,17,20,0.85,3,33,36,20,2,4,11,23,-7.0
22016,1610612761,TOR,Toronto Raptors,0021600910,2017-03-03,TOR @ WAS,W,241,114,41,81,0.506,11,25,0.44,21,27,0.778,11,40,51,16,5,9,17,23,8.0
22016,1610612761,TOR,Toronto Raptors,0021600896,2017-03-01,TOR vs. WAS,L,241,96,33,90,0.367,7,20,0.35,23,26,0.885,16,34,50,11,8,4,11,18,-9.0
22016,1610612761,TOR,Toronto Raptors,0021600882,2017-02-27,TOR @ NYK,W,242,92,33,78,0.423,7,26,0.269,19,23,0.826,11,30,41,12,9,3,12,18,1.0
22016,1610612761,TOR,Toronto Raptors,0021600878,2017-02-26,TOR vs. POR,W,240,112,42,78,0.538,7,20,0.35,21,27,0.778,5,34,39,16,7,5,10,24,6.0
22016,1610612761,TOR,Toronto Raptors,0021600858,2017-02-24,TOR vs. BOS,W,241,107,40,81,0.494,5,15,0.333,22,29,0.759,10,31,41,15,7,4,9,21,10.0
22016,1610612761,TOR,Toronto Raptors,0021600837,2017-02-15,TOR vs. CHA,W,240,90,32,84,0.381,12,32,0.375,14,19,0.737,8,38,46,19,8,4,14,13,5.0
22016,1610612761,TOR,Toronto Raptors,0021600831,2017-02-14,TOR @ CHI,L,242,94,35,77,0.455,5,20,0.25,19,24,0.792,8,26,34,15,9,1,16,26,-11.0
22016,1610612761,TOR,Toronto Raptors,0021600818,2017-02-12,TOR vs. DET,L,241,101,38,75,0.507,8,16,0.5,17,25,0.68,6,32,38,18,4,5,9,18,-1.0
22016,1610612761,TOR,Toronto Raptors,0021600790,2017-02-08,TOR @ MIN,L,241,109,42,79,0.532,11,28,0.393,14,20,0.7,10,26,36,19,6,3,13,22,-3.0
22016,1610612761,TOR,Toronto Raptors,0021600771,2017-02-06,TOR vs. LAC,W,239,118,41,84,0.488,10,24,0.417,26,29,0.897,11,36,47,20,6,1,9,23,9.0
22016,1610612761,TOR,Toronto Raptors,0021600765,2017-02-05,TOR @ BKN,W,239,103,40,87,0.46,5,19,0.263,18,20,0.9,8,37,45,21,8,4,11,18,8.0
22016,1610612761,TOR,Toronto Raptors,0021600746,2017-02-03,TOR @ ORL,L,242,94,34,87,0.391,10,28,0.357,16,21,0.762,13,31,44,15,5,5,11,21,-8.0
22016,1610612761,TOR,Toronto Raptors,0021600732,2017-02-01,TOR @ BOS,L,240,104,41,78,0.526,8,31,0.258,14,25,0.56,8,33,41,17,6,5,15,29,-5.0
22016,1610612761,TOR,Toronto Raptors,0021600725,2017-01-31,TOR vs. NOP,W,264,108,43,94,0.457,10,31,0.323,12,15,0.8,13,41,54,19,5,6,14,19,2.0
22016,1610612761,TOR,Toronto Raptors,0021600715,2017-01-29,TOR vs. ORL,L,240,113,36,79,0.456,12,28,0.429,29,36,0.806,9,31,40,19,8,3,11,20,-1.0
22016,1610612761,TOR,Toronto Raptors,0021600698,2017-01-27,TOR vs. MIL,W,240,102,37,84,0.44,10,25,0.4,18,23,0.783,12,35,47,20,9,10,14,19,16.0
22016,1610612761,TOR,Toronto Raptors,0021600685,2017-01-25,TOR @ MEM,L,241,99,39,92,0.424,10,34,0.294,11,19,0.579,13,32,45,16,6,4,8,22,-2.0
22016,1610612761,TOR,Toronto Raptors,0021600674,2017-01-24,TOR vs. SAS,L,240,106,38,84,0.452,6,25,0.24,24,28,0.857,10,35,45,10,9,8,13,25,-2.0
22016,1610612761,TOR,Toronto Raptors,0021600663,2017-01-22,TOR vs. PHX,L,240,103,33,83,0.398,7,27,0.259,30,35,0.857,7,28,35,19,9,8,9,20,-12.0
22016,1610612761,TOR,Toronto Raptors,0021600642,2017-01-20,TOR @ CHA,L,240,78,29,86,0.337,7,30,0.233,13,14,0.929,8,25,33,10,7,5,12,20,-35.0
22016,1610612761,TOR,Toronto Raptors,0021600627,2017-01-18,TOR @ PHI,L,241,89,34,86,0.395,6,24,0.25,15,23,0.652,12,31,43,17,10,2,9,24,-5.0
22016,1610612761,TOR,Toronto Raptors,0021600622,2017-01-17,TOR @ BKN,W,239,119,48,92,0.522,10,19,0.526,13,16,0.813,10,34,44,18,8,6,9,19,10.0
22016,1610612761,TOR,Toronto Raptors,0021600606,2017-01-15,TOR vs. NYK,W,240,116,44,89,0.494,8,22,0.364,20,23,0.87,10,32,42,21,9,4,10,20,15.0
22016,1610612761,TOR,Toronto Raptors,0021600592,2017-01-13,TOR vs. BKN,W,240,132,52,97,0.536,11,28,0.393,17,21,0.81,13,36,49,21,7,9,8,17,19.0
22016,1610612761,TOR,Toronto Raptors,0021600572,2017-01-10,TOR vs. BOS,W,240,114,41,87,0.471,10,22,0.455,22,27,0.815,17,33,50,17,9,7,17,21,8.0
22016,1610612761,TOR,Toronto Raptors,0021600563,2017-01-08,TOR vs. HOU,L,241,122,42,78,0.538,11,25,0.44,27,30,0.9,4,35,39,19,7,3,17,25,-7.0
22016,1610612761,TOR,Toronto Raptors,0021600554,2017-01-07,TOR @ CHI,L,264,118,37,85,0.435,8,31,0.258,36,43,0.837,6,35,41,20,11,5,10,22,-5.0
22016,1610612761,TOR,Toronto Raptors,0021600537,2017-01-05,TOR vs. UTA,W,240,101,36,91,0.396,8,21,0.381,21,28,0.75,21,24,45,14,10,6,4,19,8.0
22016,1610612761,TOR,Toronto Raptors,0021600525,2017-01-03,TOR @ SAS,L,241,82,31,83,0.373,4,18,0.222,16,22,0.727,14,29,43,8,8,4,12,17,-28.0
22016,1610612761,TOR,Toronto Raptors,0021600512,2017-01-01,TOR @ LAL,W,241,123,42,75,0.56,10,17,0.588,29,32,0.906,5,35,40,18,5,9,16,25,9.0
22016,1610612761,TOR,Toronto Raptors,0021600490,2016-12-29,TOR @ PHX,L,241,91,30,75,0.4,7,27,0.259,24,29,0.828,9,34,43,10,12,5,18,24,-8.0
22016,1610612761,TOR,Toronto Raptors,0021600485,2016-12-28,TOR @ GSW,L,240,111,40,103,0.388,13,35,0.371,18,22,0.818,19,26,45,24,13,6,7,18,-10.0
22016,1610612761,TOR,Toronto Raptors,0021600469,2016-12-26,TOR @ POR,W,238,95,32,95,0.337,12,34,0.353,19,24,0.792,14,38,52,17,11,4,12,12,4.0
22016,1610612761,TOR,Toronto Raptors,0021600452,2016-12-23,TOR @ UTA,W,240,104,43,81,0.531,8,21,0.381,10,15,0.667,5,31,36,12,12,4,10,19,6.0
22016,1610612761,TOR,Toronto Raptors,0021600420,2016-12-20,TOR vs. BKN,W,242,116,42,91,0.462,8,18,0.444,24,31,0.774,12,36,48,19,13,9,13,21,12.0
22016,1610612761,TOR,Toronto Raptors,0021600409,2016-12-18,TOR @ ORL,W,240,109,43,87,0.494,7,27,0.259,16,21,0.762,10,37,47,20,10,7,10,16,30.0
22016,1610612761,TOR,Toronto Raptors,0021600392,2016-12-16,TOR vs. ATL,L,241,121,47,86,0.547,10,21,0.476,17,26,0.654,8,20,28,20,7,5,9,27,-4.0
22016,1610612761,TOR,Toronto Raptors,0021600374,2016-12-14,TOR @ PHI,W,240,123,41,87,0.471,10,29,0.345,31,36,0.861,15,24,39,21,9,3,9,20,9.0
22016,1610612761,TOR,Toronto Raptors,0021600362,2016-12-12,TOR vs. MIL,W,240,122,42,81,0.519,14,25,0.56,24,28,0.857,14,32,46,26,7,2,14,18,22.0
22016,1610612761,TOR,Toronto Raptors,0021600339,2016-12-09,TOR @ BOS,W,240,101,34,82,0.415,9,20,0.45,24,27,0.889,8,42,50,12,9,2,11,22,7.0
22016,1610612761,TOR,Toronto Raptors,0021600331,2016-12-08,TOR vs. MIN,W,239,124,43,87,0.494,12,27,0.444,26,33,0.788,16,26,42,25,5,5,8,19,14.0
22016,1610612761,TOR,Toronto Raptors,0021600305,2016-12-05,TOR vs. CLE,L,240,112,38,88,0.432,13,32,0.406,23,27,0.852,10,23,33,22,8,5,7,22,-4.0
22016,1610612761,TOR,Toronto Raptors,0021600293,2016-12-03,TOR vs. ATL,W,240,128,53,92,0.576,13,24,0.542,9,11,0.818,12,36,48,28,14,7,12,17,44.0
22016,1610612761,TOR,Toronto Raptors,0021600284,2016-12-02,TOR vs. LAL,W,241,113,45,83,0.542,12,29,0.414,11,13,0.846,7,37,44,25,8,5,10,18,33.0
22016,1610612761,TOR,Toronto Raptors,0021600268,2016-11-30,TOR vs. MEM,W,241,120,38,69,0.551,16,32,0.5,28,33,0.848,10,33,43,23,7,4,18,25,15.0
22016,1610612761,TOR,Toronto Raptors,0021600254,2016-11-28,TOR vs. PHI,W,241,122,42,77,0.545,13,19,0.684,25,31,0.806,8,34,42,22,11,8,12,14,27.0
22016,1610612761,TOR,Toronto Raptors,0021600232,2016-11-25,TOR @ MIL,W,240,105,38,82,0.463,14,32,0.438,15,19,0.789,11,27,38,18,3,5,9,17,6.0
22016,1610612761,TOR,Toronto Raptors,0021600219,2016-11-23,TOR @ HOU,W,240,115,43,88,0.489,12,23,0.522,17,21,0.81,15,23,38,28,14,7,14,15,13.0
22016,1610612761,TOR,Toronto Raptors,0021600207,2016-11-21,TOR @ LAC,L,239,115,40,80,0.5,8,19,0.421,27,32,0.844,4,28,32,19,10,2,11,31,-8.0
22016,1610612761,TOR,Toronto Raptors,0021600196,2016-11-20,TOR @ SAC,L,240,99,34,85,0.4,9,24,0.375,22,24,0.917,16,32,48,16,7,6,15,21,-3.0
22016,1610612761,TOR,Toronto Raptors,0021600181,2016-11-18,TOR @ DEN,W,263,113,43,94,0.457,8,23,0.348,19,31,0.613,6,38,44,23,8,2,11,25,2.0
22016,1610612761,TOR,Toronto Raptors,0021600165,2016-11-16,TOR vs. GSW,L,241,121,37,82,0.451,10,25,0.4,37,41,0.902,13,33,46,16,8,1,14,22,-6.0
22016,1610612761,TOR,Toronto Raptors,0021600153,2016-11-15,TOR @ CLE,L,240,117,46,96,0.479,13,29,0.448,12,18,0.667,12,28,40,24,11,5,8,25,-4.0
22016,1610612761,TOR,Toronto Raptors,0021600131,2016-11-12,TOR vs. NYK,W,240,118,39,83,0.47,7,22,0.318,33,38,0.868,11,33,44,18,10,6,11,20,11.0
22016,1610612761,TOR,Toronto Raptors,0021600123,2016-11-11,TOR @ CHA,W,242,113,43,90,0.478,6,22,0.273,21,22,0.955,8,37,45,18,8,5,5,21,2.0
22016,1610612761,TOR,Toronto Raptors,0021600112,2016-11-09,TOR @ OKC,W,240,112,43,83,0.518,11,26,0.423,15,22,0.682,7,28,35,25,10,6,11,24,10.0
22016,1610612761,TOR,Toronto Raptors,0021600089,2016-11-06,TOR vs. SAC,L,239,91,30,84,0.357,7,30,0.233,24,31,0.774,12,30,42,22,6,5,6,26,-5.0
22016,1610612761,TOR,Toronto Raptors,0021600071,2016-11-04,TOR vs. MIA,W,239,96,37,84,0.44,6,25,0.24,16,18,0.889,13,37,50,14,7,5,15,16,9.0
22016,1610612761,TOR,Toronto Raptors,0021600055,2016-11-02,TOR @ WAS,W,241,113,43,77,0.558,10,25,0.4,17,25,0.68,4,27,31,21,16,2,13,24,10.0
22016,1610612761,TOR,Toronto Raptors,0021600042,2016-10-31,TOR vs. DEN,W,241,105,41,88,0.466,4,16,0.25,19,25,0.76,11,32,43,16,7,9,7,28,3.0
22016,1610612761,TOR,Toronto Raptors,0021600018,2016-10-28,TOR vs. CLE,L,239,91,35,90,0.389,4,16,0.25,17,18,0.944,18,33,51,12,9,3,18,20,-3.0
22016,1610612761,TOR,Toronto Raptors,0021600007,2016-10-26,TOR vs. DET,W,240,109,41,86,0.477,3,18,0.167,24,29,0.828,14,37,51,17,8,0,11,22,18.0
12016,1610612761,TOR,Toronto Raptors,0011600096,2016-10-21,TOR @ WAS,L,240,82,29,82,0.354,4,20,0.2,20,25,0.8,12,24,36,8,9,4,14,15,-37.0
12016,1610612761,TOR,Toronto Raptors,0011600090,2016-10-19,TOR @ DET,W,241,103,38,88,0.432,9,21,0.429,18,23,0.783,11,36,47,20,6,4,12,19,11.0
12016,1610612761,TOR,Toronto Raptors,0011600060,2016-10-14,TOR vs. SLA,W,240,122,47,77,0.61,10,18,0.556,18,30,0.6,10,23,33,22,7,4,8,27,17.0
12016,1610612761,TOR,Toronto Raptors,0011600059,2016-10-13,TOR @ CLE,W,240,119,45,78,0.577,11,25,0.44,18,20,0.9,5,34,39,31,13,5,16,22,25.0
12016,1610612761,TOR,Toronto Raptors,0011600019,2016-10-05,TOR @ LAC,L,239,98,34,77,0.442,6,17,0.353,24,31,0.774,8,24,32,13,19,5,15,21,-6.0
12016,1610612761,TOR,Toronto Raptors,0011600004,2016-10-03,TOR vs. DEN,L,240,106,39,90,0.433,7,22,0.318,21,27,0.778,14,29,43,15,10,5,11,31,-2.0
12016,1610612761,TOR,Toronto Raptors,0011600001,2016-10-01,TOR vs. GSW,W,240,97,37,86,0.43,6,23,0.261,17,29,0.586,16,42,58,14,14,7,23,25,4.0
22016,1610612761,TOR,Toronto Raptors,1521600061,2016-07-16,TOR vs. MIN,L,200,79,33,73,0.452,4,23,0.174,9,20,0.45,12,31,43,15,8,5,19,23,-2.0
22016,1610612761,TOR,Toronto Raptors,1521600051,2016-07-14,TOR vs. GSW,W,199,75,19,56,0.339,7,18,0.389,30,40,0.75,6,29,35,9,9,6,12,16,6.0
22016,1610612761,TOR,Toronto Raptors,1521600028,2016-07-11,TOR @ DAL,W,201,80,29,61,0.475,10,25,0.4,12,14,0.857,7,26,33,17,9,5,22,18,11.0
22016,1610612761,TOR,Toronto Raptors,1521600016,2016-07-10,TOR vs. MIN,W,200,82,25,57,0.439,9,26,0.346,23,28,0.821,8,22,30,12,4,9,15,24,2.0
22016,1610612761,TOR,Toronto Raptors,1521600003,2016-07-08,TOR vs. SAC,W,202,88,32,76,0.421,16,35,0.457,8,13,0.615,14,32,46,21,10,4,8,21,41.0
42017,1610612761,TOR,Toronto Raptors,0041700204,2018-05-07,TOR @ CLE,L,241,93,36,79,0.456,4,15,0.267,17,23,0.739,9,23,32,19,3,5,13,24,-35.0
42017,1610612761,TOR,Toronto Raptors,0041700203,2018-05-05,TOR @ CLE,L,239,103,35,75,0.467,13,33,0.394,20,25,0.8,12,29,41,14,5,11,17,28,-2.0
42017,1610612761,TOR,Toronto Raptors,0041700202,2018-05-03,TOR vs. CLE,L,241,110,44,81,0.543,12,30,0.4,10,11,0.909,5,30,35,26,2,2,11,24,-18.0
42017,1610612761,TOR,Toronto Raptors,0041700201,2018-05-01,TOR vs. CLE,L,264,112,39,91,0.429,9,28,0.321,25,31,0.806,15,35,50,26,2,6,13,22,-1.0
42017,1610612761,TOR,Toronto Raptors,0041700106,2018-04-27,TOR @ WAS,W,240,102,40,90,0.444,7,25,0.28,15,19,0.789,16,31,47,18,8,6,6,20,10.0
42017,1610612761,TOR,Toronto Raptors,0041700105,2018-04-25,TOR vs. WAS,W,239,108,38,82,0.463,11,25,0.44,21,28,0.75,6,29,35,26,9,5,10,18,10.0
42017,1610612761,TOR,Toronto Raptors,0041700104,2018-04-22,TOR @ WAS,L,238,98,34,79,0.43,7,18,0.389,23,30,0.767,9,32,41,19,9,7,18,26,-8.0
42017,1610612761,TOR,Toronto Raptors,0041700103,2018-04-20,TOR @ WAS,L,239,103,37,82,0.451,12,28,0.429,17,19,0.895,8,26,34,20,8,4,18,19,-19.0
42017,1610612761,TOR,Toronto Raptors,0041700102,2018-04-17,TOR vs. WAS,W,240,130,45,87,0.517,13,35,0.371,27,33,0.818,9,39,48,24,5,8,14,27,11.0
42017,1610612761,TOR,Toronto Raptors,0041700101,2018-04-14,TOR vs. WAS,W,240,114,41,77,0.532,16,30,0.533,16,20,0.8,5,33,38,26,6,7,17,18,8.0
22017,1610612761,TOR,Toronto Raptors,0021701221,2018-04-11,TOR @ MIA,L,265,109,42,92,0.457,9,30,0.3,16,21,0.762,9,38,47,24,5,10,13,24,-7.0
22017,1610612761,TOR,Toronto Raptors,0021701204,2018-04-09,TOR @ DET,W,239,108,46,87,0.529,12,39,0.308,4,4,1.0,8,40,48,27,3,5,9,17,10.0
22017,1610612761,TOR,Toronto Raptors,0021701200,2018-04-08,TOR vs. ORL,W,239,112,39,78,0.5,17,40,0.425,17,24,0.708,6,41,47,28,8,5,17,21,11.0
22017,1610612761,TOR,Toronto Raptors,0021701187,2018-04-06,TOR vs. IND,W,240,92,36,84,0.429,9,30,0.3,11,16,0.688,9,43,52,27,9,8,19,17,19.0
22017,1610612761,TOR,Toronto Raptors,0021701171,2018-04-04,TOR vs. BOS,W,240,96,40,92,0.435,10,33,0.303,6,8,0.75,12,36,48,23,10,6,10,25,18.0
22017,1610612761,TOR,Toronto Raptors,0021701156,2018-04-03,TOR @ CLE,L,239,106,42,94,0.447,11,34,0.324,11,14,0.786,9,37,46,28,7,1,11,23,-6.0
22017,1610612761,TOR,Toronto Raptors,0021701140,2018-03-31,TOR @ BOS,L,240,99,37,80,0.463,8,35,0.229,17,22,0.773,9,37,46,23,1,5,15,26,-11.0
22017,1610612761,TOR,Toronto Raptors,0021701109,2018-03-27,TOR vs. DEN,W,240,114,47,92,0.511,13,34,0.382,7,9,0.778,9,28,37,33,6,16,9,18,4.0
22017,1610612761,TOR,Toronto Raptors,0021701097,2018-03-25,TOR vs. LAC,L,240,106,41,92,0.446,16,36,0.444,8,14,0.571,13,35,48,24,3,6,14,23,-11.0
22017,1610612761,TOR,Toronto Raptors,0021701082,2018-03-23,TOR vs. BKN,W,239,116,41,86,0.477,14,28,0.5,20,29,0.69,5,38,43,26,5,7,10,24,4.0
22017,1610612761,TOR,Toronto Raptors,0021701065,2018-03-21,TOR @ CLE,L,239,129,47,88,0.534,15,34,0.441,20,23,0.87,10,23,33,32,4,5,6,23,-3.0
22017,1610612761,TOR,Toronto Raptors,0021701058,2018-03-20,TOR @ ORL,W,240,93,35,77,0.455,14,36,0.389,9,17,0.529,6,39,45,19,7,8,17,10,7.0
22017,1610612761,TOR,Toronto Raptors,0021701046,2018-03-18,TOR vs. OKC,L,238,125,46,81,0.568,15,30,0.5,18,23,0.783,8,23,31,31,5,1,19,25,-7.0
22017,1610612761,TOR,Toronto Raptors,0021701031,2018-03-16,TOR vs. DAL,W,265,122,43,91,0.473,10,30,0.333,26,31,0.839,12,33,45,26,5,8,13,21,7.0
22017,1610612761,TOR,Toronto Raptors,0021701020,2018-03-15,TOR @ IND,W,239,106,35,79,0.443,12,32,0.375,24,28,0.857,18,39,57,20,4,8,20,19,7.0
22017,1610612761,TOR,Toronto Raptors,0021701008,2018-03-13,TOR @ BKN,W,241,116,44,91,0.484,11,31,0.355,17,21,0.81,13,40,53,27,7,6,11,20,14.0
22017,1610612761,TOR,Toronto Raptors,0021700992,2018-03-11,TOR @ NYK,W,240,132,47,93,0.505,16,35,0.457,22,25,0.88,14,38,52,32,3,3,11,19,30.0
22017,1610612761,TOR,Toronto Raptors,0021700979,2018-03-09,TOR vs. HOU,W,240,108,41,85,0.482,15,38,0.395,11,14,0.786,12,30,42,22,7,2,16,20,3.0
22017,1610612761,TOR,Toronto Raptors,0021700966,2018-03-07,TOR @ DET,W,264,121,45,101,0.446,12,40,0.3,19,21,0.905,11,36,47,33,9,7,9,20,2.0
22017,1610612761,TOR,Toronto Raptors,0021700958,2018-03-06,TOR vs. ATL,W,239,106,34,88,0.386,10,36,0.278,28,33,0.848,17,28,45,25,12,8,12,21,16.0
22017,1610612761,TOR,Toronto Raptors,0021700944,2018-03-04,TOR vs. CHA,W,242,103,35,83,0.422,12,41,0.293,21,27,0.778,9,41,50,22,5,8,15,28,5.0
22017,1610612761,TOR,Toronto Raptors,0021700929,2018-03-02,TOR @ WAS,W,241,102,36,78,0.462,10,33,0.303,20,32,0.625,8,26,34,19,9,5,7,22,7.0
22017,1610612761,TOR,Toronto Raptors,0021700914,2018-02-28,TOR @ ORL,W,239,117,45,83,0.542,12,30,0.4,15,24,0.625,7,35,42,33,9,7,12,22,13.0
22017,1610612761,TOR,Toronto Raptors,0021700901,2018-02-26,TOR vs. DET,W,241,123,42,80,0.525,17,38,0.447,22,23,0.957,6,41,47,31,10,7,18,18,29.0
22017,1610612761,TOR,Toronto Raptors,0021700876,2018-02-23,TOR vs. MIL,L,265,119,43,90,0.478,9,34,0.265,24,26,0.923,5,32,37,23,7,8,12,21,-3.0
22017,1610612761,TOR,Toronto Raptors,0021700859,2018-02-14,TOR @ CHI,W,240,122,48,92,0.522,14,38,0.368,12,15,0.8,5,45,50,38,5,8,7,22,24.0
22017,1610612761,TOR,Toronto Raptors,0021700847,2018-02-13,TOR vs. MIA,W,240,115,42,90,0.467,13,35,0.371,18,23,0.783,7,33,40,24,7,3,8,19,3.0
22017,1610612761,TOR,Toronto Raptors,0021700833,2018-02-11,TOR @ CHA,W,239,123,49,87,0.563,18,37,0.486,7,10,0.7,6,34,40,35,7,8,12,24,20.0
22017,1610612761,TOR,Toronto Raptors,0021700812,2018-02-08,TOR vs. NYK,W,241,113,43,95,0.453,16,43,0.372,11,14,0.786,9,43,52,31,11,5,8,17,25.0
22017,1610612761,TOR,Toronto Raptors,0021700798,2018-02-06,TOR vs. BOS,W,240,111,40,80,0.5,17,36,0.472,14,17,0.824,5,35,40,29,10,4,15,18,20.0
22017,1610612761,TOR,Toronto Raptors,0021700787,2018-02-04,TOR vs. MEM,W,240,101,41,89,0.461,6,35,0.171,13,15,0.867,10,34,44,21,13,7,11,20,15.0
22017,1610612761,TOR,Toronto Raptors,0021700769,2018-02-02,TOR vs. POR,W,239,130,46,99,0.465,19,40,0.475,19,21,0.905,17,25,42,21,5,4,6,23,25.0
22017,1610612761,TOR,Toronto Raptors,0021700762,2018-02-01,TOR @ WAS,L,240,119,44,83,0.53,12,29,0.414,19,24,0.792,8,24,32,20,7,3,18,26,-3.0
22017,1610612761,TOR,Toronto Raptors,0021700746,2018-01-30,TOR vs. MIN,W,241,109,39,81,0.481,9,29,0.31,22,26,0.846,9,30,39,28,3,4,8,18,5.0
22017,1610612761,TOR,Toronto Raptors,0021700735,2018-01-28,TOR vs. LAL,W,240,123,46,92,0.5,12,31,0.387,19,25,0.76,12,41,53,23,4,4,14,23,12.0
22017,1610612761,TOR,Toronto Raptors,0021700716,2018-01-26,TOR vs. UTA,L,239,93,37,95,0.389,7,27,0.259,12,17,0.706,16,36,52,23,10,13,11,18,-4.0
22017,1610612761,TOR,Toronto Raptors,0021700705,2018-01-24,TOR @ ATL,W,239,108,39,89,0.438,14,36,0.389,16,25,0.64,12,40,52,25,10,12,17,22,15.0
22017,1610612761,TOR,Toronto Raptors,0021700680,2018-01-20,TOR @ MIN,L,239,109,39,83,0.47,12,33,0.364,19,21,0.905,8,27,35,23,7,7,13,30,-6.0
22017,1610612761,TOR,Toronto Raptors,0021700667,2018-01-19,TOR vs. SAS,W,240,86,34,85,0.4,9,26,0.346,9,14,0.643,9,41,50,16,8,1,13,19,3.0
22017,1610612761,TOR,Toronto Raptors,0021700656,2018-01-17,TOR vs. DET,W,240,96,34,80,0.425,11,31,0.355,17,23,0.739,12,37,49,24,6,8,20,20,5.0
22017,1610612761,TOR,Toronto Raptors,0021700639,2018-01-15,TOR @ PHI,L,240,111,38,95,0.4,9,32,0.281,26,30,0.867,12,32,44,20,8,1,15,31,-6.0
22017,1610612761,TOR,Toronto Raptors,0021700631,2018-01-13,TOR vs. GSW,L,241,125,45,93,0.484,8,25,0.32,27,32,0.844,14,30,44,22,3,2,10,23,-2.0
22017,1610612761,TOR,Toronto Raptors,0021700615,2018-01-11,TOR vs. CLE,W,242,133,53,106,0.5,18,42,0.429,9,13,0.692,18,45,63,31,3,7,9,25,34.0
22017,1610612761,TOR,Toronto Raptors,0021700599,2018-01-09,TOR vs. MIA,L,240,89,35,90,0.389,7,21,0.333,12,15,0.8,7,30,37,15,7,12,5,16,-1.0
22017,1610612761,TOR,Toronto Raptors,0021700592,2018-01-08,TOR @ BKN,W,265,114,43,101,0.426,10,34,0.294,18,23,0.783,8,43,51,19,7,12,15,27,1.0
22017,1610612761,TOR,Toronto Raptors,0021700571,2018-01-05,TOR @ MIL,W,241,129,48,86,0.558,10,33,0.303,23,28,0.821,12,31,43,25,9,5,11,22,19.0
22017,1610612761,TOR,Toronto Raptors,0021700560,2018-01-03,TOR @ CHI,W,240,124,45,92,0.489,15,38,0.395,19,19,1.0,7,42,49,23,9,5,11,20,9.0
22017,1610612761,TOR,Toronto Raptors,0021700546,2018-01-01,TOR vs. MIL,W,264,131,45,91,0.495,14,33,0.424,27,33,0.818,6,34,40,25,8,8,12,20,4.0
22017,1610612761,TOR,Toronto Raptors,0021700522,2017-12-29,TOR vs. ATL,W,240,111,46,105,0.438,13,37,0.351,6,8,0.75,19,32,51,22,9,15,11,22,13.0
22017,1610612761,TOR,Toronto Raptors,0021700512,2017-12-27,TOR @ OKC,L,240,107,36,85,0.424,11,38,0.289,24,26,0.923,7,27,34,24,9,4,11,29,-17.0
22017,1610612761,TOR,Toronto Raptors,0021700499,2017-12-26,TOR @ DAL,L,240,93,30,89,0.337,9,31,0.29,24,32,0.75,16,37,53,16,10,7,10,24,-5.0
22017,1610612761,TOR,Toronto Raptors,0021700480,2017-12-23,TOR vs. PHI,W,242,102,35,85,0.412,9,27,0.333,23,26,0.885,7,36,43,18,15,6,17,20,16.0
22017,1610612761,TOR,Toronto Raptors,0021700467,2017-12-21,TOR @ PHI,W,239,114,35,85,0.412,12,35,0.343,32,35,0.914,19,26,45,18,14,6,21,19,5.0
22017,1610612761,TOR,Toronto Raptors,0021700454,2017-12-20,TOR @ CHA,W,240,129,49,91,0.538,16,33,0.485,15,18,0.833,10,33,43,35,6,7,14,27,18.0
22017,1610612761,TOR,Toronto Raptors,0021700437,2017-12-17,TOR vs. SAC,W,241,108,36,85,0.424,13,30,0.433,23,28,0.821,12,34,46,20,8,9,12,13,15.0
22017,1610612761,TOR,Toronto Raptors,0021700424,2017-12-15,TOR vs. BKN,W,240,120,54,97,0.557,7,28,0.25,5,9,0.556,11,34,45,26,11,5,8,16,33.0
22017,1610612761,TOR,Toronto Raptors,0021700411,2017-12-13,TOR @ PHX,W,239,115,40,92,0.435,9,26,0.346,26,31,0.839,8,37,45,16,7,3,6,25,6.0
22017,1610612761,TOR,Toronto Raptors,0021700396,2017-12-11,TOR @ LAC,L,240,91,32,80,0.4,7,29,0.241,20,26,0.769,3,40,43,18,8,6,13,22,-5.0
22017,1610612761,TOR,Toronto Raptors,0021700385,2017-12-10,TOR @ SAC,W,240,102,39,87,0.448,11,37,0.297,13,19,0.684,12,32,44,22,8,2,13,17,15.0
22017,1610612761,TOR,Toronto Raptors,0021700371,2017-12-08,TOR @ MEM,W,241,116,37,78,0.474,13,31,0.419,29,33,0.879,10,26,36,21,8,3,11,23,9.0
22017,1610612761,TOR,Toronto Raptors,0021700350,2017-12-05,TOR vs. PHX,W,237,126,44,92,0.478,15,36,0.417,23,26,0.885,8,34,42,30,13,4,15,28,13.0
22017,1610612761,TOR,Toronto Raptors,0021700319,2017-12-01,TOR vs. IND,W,239,120,48,97,0.495,10,32,0.313,14,21,0.667,12,35,47,29,6,8,12,18,5.0
22017,1610612761,TOR,Toronto Raptors,0021700307,2017-11-29,TOR vs. CHA,W,239,126,52,98,0.531,14,32,0.438,8,11,0.727,11,28,39,24,6,2,9,23,13.0
22017,1610612761,TOR,Toronto Raptors,0021700280,2017-11-25,TOR @ ATL,W,240,112,46,84,0.548,13,32,0.406,7,9,0.778,11,35,46,31,10,3,16,22,34.0
22017,1610612761,TOR,Toronto Raptors,0021700271,2017-11-24,TOR @ IND,L,241,104,40,81,0.494,9,30,0.3,15,20,0.75,7,35,42,17,14,4,18,20,-3.0
22017,1610612761,TOR,Toronto Raptors,0021700258,2017-11-22,TOR @ NYK,L,240,100,37,87,0.425,14,38,0.368,12,18,0.667,12,30,42,21,4,10,15,23,-8.0
22017,1610612761,TOR,Toronto Raptors,0021700237,2017-11-19,TOR vs. WAS,W,240,100,40,90,0.444,10,39,0.256,10,14,0.714,11,37,48,20,8,7,7,19,9.0
22017,1610612761,TOR,Toronto Raptors,0021700221,2017-11-17,TOR vs. NYK,W,240,107,44,78,0.564,9,26,0.346,10,11,0.909,3,37,40,29,4,11,12,19,23.0
22017,1610612761,TOR,Toronto Raptors,0021700211,2017-11-15,TOR @ NOP,W,240,125,45,76,0.592,16,34,0.471,19,20,0.95,6,31,37,27,8,6,21,20,9.0
22017,1610612761,TOR,Toronto Raptors,0021700202,2017-11-14,TOR @ HOU,W,242,129,41,78,0.526,14,30,0.467,33,42,0.786,5,31,36,28,11,4,12,30,16.0
22017,1610612761,TOR,Toronto Raptors,0021700188,2017-11-12,TOR @ BOS,L,240,94,32,69,0.464,10,24,0.417,20,23,0.87,6,30,36,18,8,8,17,20,-1.0
22017,1610612761,TOR,Toronto Raptors,0021700165,2017-11-09,TOR vs. NOP,W,238,122,45,98,0.459,16,42,0.381,16,23,0.696,10,38,48,27,8,4,12,24,4.0
22017,1610612761,TOR,Toronto Raptors,0021700153,2017-11-07,TOR vs. CHI,W,239,119,44,81,0.543,13,25,0.52,18,24,0.75,7,30,37,22,5,0,15,22,5.0
22017,1610612761,TOR,Toronto Raptors,0021700139,2017-11-05,TOR vs. WAS,L,241,96,37,80,0.463,5,24,0.208,17,27,0.63,9,27,36,17,7,8,13,24,-11.0
22017,1610612761,TOR,Toronto Raptors,0021700128,2017-11-03,TOR @ UTA,W,240,109,38,71,0.535,11,30,0.367,22,28,0.786,5,34,39,20,9,4,16,27,9.0
22017,1610612761,TOR,Toronto Raptors,0021700114,2017-11-01,TOR @ DEN,L,241,111,42,85,0.494,11,31,0.355,16,25,0.64,9,29,38,20,7,4,13,25,-18.0
22017,1610612761,TOR,Toronto Raptors,0021700099,2017-10-30,TOR @ POR,W,240,99,39,87,0.448,8,24,0.333,13,17,0.765,8,39,47,17,10,9,9,14,14.0
22017,1610612761,TOR,Toronto Raptors,0021700076,2017-10-27,TOR @ LAL,W,241,101,40,93,0.43,7,29,0.241,14,20,0.7,9,31,40,27,12,4,12,24,9.0
22017,1610612761,TOR,Toronto Raptors,0021700063,2017-10-25,TOR @ GSW,L,240,112,43,94,0.457,8,34,0.235,18,19,0.947,17,25,42,30,10,6,16,16,-5.0
22017,1610612761,TOR,Toronto Raptors,0021700046,2017-10-23,TOR @ SAS,L,239,97,34,80,0.425,10,37,0.27,19,24,0.792,5,29,34,17,11,4,14,30,-4.0
22017,1610612761,TOR,Toronto Raptors,0021700027,2017-10-21,TOR vs. PHI,W,239,128,42,89,0.472,13,44,0.295,31,37,0.838,8,43,51,23,5,10,13,29,34.0
22017,1610612761,TOR,Toronto Raptors,0021700014,2017-10-19,TOR vs. CHI,W,240,117,39,83,0.47,13,29,0.448,26,28,0.929,13,36,49,26,10,4,17,19,17.0
12017,1610612761,TOR,Toronto Raptors,0011700070,2017-10-13,TOR @ CHI,W,240,125,46,90,0.511,19,48,0.396,14,19,0.737,7,33,40,31,10,6,15,21,21.0
12017,1610612761,TOR,Toronto Raptors,0011700054,2017-10-10,TOR vs. DET,W,239,116,41,79,0.519,13,37,0.351,21,25,0.84,6,38,44,30,4,8,14,18,22.0
12017,1610612761,TOR,Toronto Raptors,0011700027,2017-10-05,TOR @ POR,L,239,101,30,75,0.4,13,44,0.295,28,33,0.848,4,34,38,18,10,5,18,22,-5.0
12017,1610612761,TOR,Toronto Raptors,0011700015,2017-10-04,TOR @ LAC,L,242,84,33,86,0.384,6,36,0.167,12,22,0.545,16,30,46,15,13,4,25,30,-13.6
12017,1610612761,TOR,Toronto Raptors,0011700003,2017-10-01,TOR vs. LAC,W,240,121,39,78,0.5,11,43,0.256,32,40,0.8,9,35,44,22,14,3,21,34,8.0
22017,1610612761,TOR,Toronto Raptors,1521700060,2017-07-14,TOR vs. CLE,L,210,75,27,71,0.38,8,31,0.258,13,15,0.867,8,28,36,16,5,8,16,21,-3.0
22017,1610612761,TOR,Toronto Raptors,1521700051,2017-07-13,TOR vs. POR,L,199,85,28,69,0.406,7,35,0.2,22,25,0.88,10,26,36,9,8,4,13,28,-6.0
22017,1610612761,TOR,Toronto Raptors,1521700027,2017-07-10,TOR vs. DEN,W,200,82,32,71,0.451,9,27,0.333,9,10,0.9,7,32,39,16,7,5,14,15,1.0
22017,1610612761,TOR,Toronto Raptors,1521700010,2017-07-08,TOR @ MIN,W,200,97,35,70,0.5,6,25,0.24,21,30,0.7,13,33,46,17,11,5,14,19,24.2
22017,1610612761,TOR,Toronto Raptors,1521700001,2017-07-07,TOR @ NOP,W,201,96,40,82,0.488,5,20,0.25,11,16,0.688,16,27,43,18,5,2,17,21,3.0
22018,1610612761,TOR,Toronto Raptors,0021800800,2019-02-05,TOR @ PHI,W,239,119,41,89,0.461,11,31,0.355,26,32,0.813,15,27,42,27,12,0,10,27,12.0
22018,1610612761,TOR,Toronto Raptors,0021800789,2019-02-03,TOR vs. LAC,W,240,121,43,94,0.457,9,33,0.273,26,31,0.839,16,40,56,21,10,5,14,28,18.0
22018,1610612761,TOR,Toronto Raptors,0021800766,2019-01-31,TOR vs. MIL,L,240,92,37,93,0.398,7,27,0.259,11,13,0.846,8,31,39,16,9,4,16,20,-13.0
22018,1610612761,TOR,Toronto Raptors,0021800739,2019-01-27,TOR @ DAL,W,240,123,37,83,0.446,17,34,0.5,32,38,0.842,8,36,44,24,6,5,7,27,3.0
22018,1610612761,TOR,Toronto Raptors,0021800724,2019-01-25,TOR @ HOU,L,243,119,44,91,0.484,14,36,0.389,17,18,0.944,12,35,47,27,4,1,19,25,-2.0
22018,1610612761,TOR,Toronto Raptors,0021800706,2019-01-23,TOR @ IND,L,239,106,38,92,0.413,12,39,0.308,18,23,0.783,10,35,45,28,2,5,9,22,-4.0
22018,1610612761,TOR,Toronto Raptors,0021800702,2019-01-22,TOR vs. SAC,W,239,120,40,91,0.44,16,40,0.4,24,35,0.686,12,34,46,25,7,5,16,21,15.0
22018,1610612761,TOR,Toronto Raptors,0021800684,2019-01-19,TOR vs. MEM,W,240,119,44,90,0.489,17,36,0.472,14,16,0.875,8,29,37,31,19,8,10,17,29.0
22018,1610612761,TOR,Toronto Raptors,0021800668,2019-01-17,TOR vs. PHX,W,240,111,43,86,0.5,7,28,0.25,18,25,0.72,9,30,39,27,8,8,14,27,2.0
22018,1610612761,TOR,Toronto Raptors,0021800658,2019-01-16,TOR @ BOS,L,240,108,41,92,0.446,7,29,0.241,19,21,0.905,14,28,42,20,9,2,10,14,-9.0
22018,1610612761,TOR,Toronto Raptors,0021800639,2019-01-13,TOR @ WAS,W,290,140,49,104,0.471,13,36,0.361,29,36,0.806,17,42,59,24,16,8,21,27,2.0
22018,1610612761,TOR,Toronto Raptors,0021800624,2019-01-11,TOR vs. BKN,W,240,122,48,105,0.457,11,35,0.314,15,24,0.625,13,42,55,32,10,4,9,22,17.0
22018,1610612761,TOR,Toronto Raptors,0021800602,2019-01-08,TOR vs. ATL,W,239,104,37,80,0.463,10,32,0.313,20,27,0.741,6,33,39,26,18,7,18,20,3.0
22018,1610612761,TOR,Toronto Raptors,0021800589,2019-01-06,TOR vs. IND,W,240,121,44,85,0.518,17,33,0.515,16,17,0.941,8,33,41,30,9,4,15,21,16.0
22018,1610612761,TOR,Toronto Raptors,0021800580,2019-01-05,TOR @ MIL,W,240,123,42,82,0.512,14,31,0.452,25,31,0.806,4,34,38,28,9,6,11,22,7.0
22018,1610612761,TOR,Toronto Raptors,0021800563,2019-01-03,TOR @ SAS,L,241,107,39,87,0.448,6,30,0.2,23,29,0.793,9,30,39,21,9,6,10,23,-18.0
22018,1610612761,TOR,Toronto Raptors,0021800549,2019-01-01,TOR vs. UTA,W,239,122,45,82,0.549,7,20,0.35,25,35,0.714,5,40,45,18,4,6,9,21,6.0
22018,1610612761,TOR,Toronto Raptors,0021800538,2018-12-30,TOR vs. CHI,W,239,95,34,92,0.37,9,33,0.273,18,20,0.9,17,35,52,17,5,8,11,15,6.0
22018,1610612761,TOR,Toronto Raptors,0021800519,2018-12-28,TOR @ ORL,L,240,87,28,95,0.295,12,34,0.353,19,24,0.792,14,27,41,18,4,10,11,21,-29.0
22018,1610612761,TOR,Toronto Raptors,0021800506,2018-12-26,TOR @ MIA,W,239,106,37,79,0.468,13,30,0.433,19,23,0.826,10,33,43,19,8,2,16,16,2.0
22018,1610612761,TOR,Toronto Raptors,0021800481,2018-12-22,TOR @ PHI,L,239,101,37,95,0.389,10,40,0.25,17,19,0.895,8,33,41,17,5,2,15,24,-25.0
22018,1610612761,TOR,Toronto Raptors,0021800470,2018-12-21,TOR vs. CLE,W,239,126,48,91,0.527,9,31,0.29,21,26,0.808,13,31,44,21,9,5,8,23,16.0
22018,1610612761,TOR,Toronto Raptors,0021800459,2018-12-19,TOR vs. IND,W,242,99,38,93,0.409,7,30,0.233,16,21,0.762,11,32,43,20,15,9,9,19,3.0
22018,1610612761,TOR,Toronto Raptors,0021800442,2018-12-16,TOR @ DEN,L,241,86,35,88,0.398,7,35,0.2,9,14,0.643,13,38,51,13,5,4,11,16,-9.0
22018,1610612761,TOR,Toronto Raptors,0021800427,2018-12-14,TOR @ POR,L,241,122,43,78,0.551,18,31,0.581,18,21,0.857,6,31,37,20,4,4,16,21,-6.0
22018,1610612761,TOR,Toronto Raptors,0021800415,2018-12-12,TOR @ GSW,W,241,113,44,91,0.484,9,28,0.321,16,19,0.842,10,38,48,27,12,3,11,17,20.0
22018,1610612761,TOR,Toronto Raptors,0021800404,2018-12-11,TOR @ LAC,W,240,123,50,96,0.521,14,29,0.483,9,12,0.75,10,33,43,34,8,6,7,22,24.0
22018,1610612761,TOR,Toronto Raptors,0021800388,2018-12-09,TOR vs. MIL,L,238,99,39,94,0.415,15,44,0.341,6,7,0.857,11,34,45,24,6,11,11,21,-5.0
22018,1610612761,TOR,Toronto Raptors,0021800371,2018-12-07,TOR @ BKN,L,266,105,35,89,0.393,11,35,0.314,24,29,0.828,6,35,41,25,9,7,15,19,-1.0
22018,1610612761,TOR,Toronto Raptors,0021800359,2018-12-05,TOR vs. PHI,W,240,113,43,100,0.43,8,29,0.276,19,22,0.864,17,36,53,25,12,3,11,13,11.0
22018,1610612761,TOR,Toronto Raptors,0021800347,2018-12-03,TOR vs. DEN,L,239,103,40,87,0.46,11,41,0.268,12,12,1.0,7,34,41,28,11,5,17,21,-3.0
22018,1610612761,TOR,Toronto Raptors,0021800332,2018-12-01,TOR @ CLE,W,241,106,39,80,0.488,7,26,0.269,21,25,0.84,6,36,42,15,5,5,10,19,11.0
22018,1610612761,TOR,Toronto Raptors,0021800316,2018-11-29,TOR vs. GSW,W,265,131,47,90,0.522,15,38,0.395,22,24,0.917,7,30,37,25,5,6,14,23,3.0
22018,1610612761,TOR,Toronto Raptors,0021800303,2018-11-27,TOR @ MEM,W,240,122,42,69,0.609,18,33,0.545,20,28,0.714,4,27,31,25,5,5,15,18,8.0
22018,1610612761,TOR,Toronto Raptors,0021800290,2018-11-25,TOR vs. MIA,W,240,125,47,90,0.522,11,35,0.314,20,25,0.8,11,36,47,25,4,7,9,21,10.0
22018,1610612761,TOR,Toronto Raptors,0021800271,2018-11-23,TOR vs. WAS,W,240,125,46,93,0.495,17,39,0.436,16,19,0.842,13,37,50,32,5,6,15,23,18.0
22018,1610612761,TOR,Toronto Raptors,0021800254,2018-11-21,TOR @ ATL,W,240,124,48,90,0.533,11,29,0.379,17,23,0.739,14,41,55,33,6,1,17,21,16.0
22018,1610612761,TOR,Toronto Raptors,0021800248,2018-11-20,TOR @ ORL,W,240,93,39,87,0.448,9,34,0.265,6,8,0.75,6,37,43,23,7,5,16,19,2.0
22018,1610612761,TOR,Toronto Raptors,0021800230,2018-11-17,TOR @ CHI,W,240,122,48,89,0.539,14,35,0.4,12,13,0.923,8,46,54,31,14,10,23,24,39.0
22018,1610612761,TOR,Toronto Raptors,0021800216,2018-11-16,TOR @ BOS,L,265,116,42,97,0.433,8,29,0.276,24,29,0.828,11,32,43,20,12,4,13,23,-7.0
22018,1610612761,TOR,Toronto Raptors,0021800206,2018-11-14,TOR vs. DET,L,240,104,45,92,0.489,4,20,0.2,10,17,0.588,12,37,49,23,9,3,20,19,-2.0
22018,1610612761,TOR,Toronto Raptors,0021800192,2018-11-12,TOR vs. NOP,L,241,110,39,97,0.402,13,45,0.289,19,22,0.864,13,30,43,22,9,5,10,20,-16.0
22018,1610612761,TOR,Toronto Raptors,0021800174,2018-11-10,TOR vs. NYK,W,239,128,42,79,0.532,14,35,0.4,30,40,0.75,12,34,46,24,8,4,15,20,16.0
22018,1610612761,TOR,Toronto Raptors,0021800161,2018-11-07,TOR @ SAC,W,239,114,41,89,0.461,11,36,0.306,21,23,0.913,13,40,53,17,10,4,20,20,9.0
22018,1610612761,TOR,Toronto Raptors,0021800146,2018-11-05,TOR @ UTA,W,241,124,49,86,0.57,13,33,0.394,13,14,0.929,7,36,43,21,9,3,14,28,13.0
22018,1610612761,TOR,Toronto Raptors,0021800139,2018-11-04,TOR @ LAL,W,240,121,49,98,0.5,10,35,0.286,13,14,0.929,13,36,49,32,9,4,12,24,14.0
22018,1610612761,TOR,Toronto Raptors,0021800123,2018-11-02,TOR @ PHX,W,241,107,41,81,0.506,12,33,0.364,13,21,0.619,6,33,39,29,11,10,13,23,9.0
22018,1610612761,TOR,Toronto Raptors,0021800100,2018-10-30,TOR vs. PHI,W,240,129,47,92,0.511,11,27,0.407,24,28,0.857,9,34,43,29,13,6,15,26,17.0
22018,1610612761,TOR,Toronto Raptors,0021800092,2018-10-29,TOR @ MIL,L,239,109,39,103,0.379,9,45,0.2,22,28,0.786,15,36,51,25,9,7,10,19,-15.0
22018,1610612761,TOR,Toronto Raptors,0021800069,2018-10-26,TOR vs. DAL,W,239,116,44,91,0.484,11,27,0.407,17,20,0.85,12,38,50,23,10,5,12,22,9.0
22018,1610612761,TOR,Toronto Raptors,0021800055,2018-10-24,TOR vs. MIN,W,239,112,46,89,0.517,11,32,0.344,9,12,0.75,11,33,44,26,9,8,16,18,7.0
22018,1610612761,TOR,Toronto Raptors,0021800041,2018-10-22,TOR vs. CHA,W,241,127,50,87,0.575,15,39,0.385,12,14,0.857,5,41,46,36,10,8,13,21,21.0
22018,1610612761,TOR,Toronto Raptors,0021800027,2018-10-20,TOR @ WAS,W,240,117,39,88,0.443,10,29,0.345,29,36,0.806,14,38,52,21,5,5,17,29,4.0
22018,1610612761,TOR,Toronto Raptors,0021800019,2018-10-19,TOR vs. BOS,W,239,113,43,92,0.467,13,35,0.371,14,19,0.737,12,37,49,24,3,3,12,19,12.0
22018,1610612761,TOR,Toronto Raptors,0021800008,2018-10-17,TOR vs. CLE,W,239,116,45,92,0.489,14,33,0.424,12,20,0.6,8,35,43,21,6,7,9,29,12.0
12018,1610612761,TOR,Toronto Raptors,0011800066,2018-10-11,TOR @ NOP,W,239,134,53,100,0.53,14,32,0.438,14,20,0.7,6,34,40,27,9,3,12,24,15.0
12018,1610612761,TOR,Toronto Raptors,0011800060,2018-10-10,TOR vs. BKN,W,240,118,40,88,0.455,16,37,0.432,22,26,0.846,8,36,44,25,15,9,23,29,27.0
12018,1610612761,TOR,Toronto Raptors,0011800030,2018-10-05,TOR vs. MEL,W,240,120,40,81,0.494,12,29,0.414,28,34,0.824,10,42,52,18,9,7,14,25,38.0
12018,1610612761,TOR,Toronto Raptors,0011800019,2018-10-02,TOR @ UTA,L,240,90,34,96,0.354,5,27,0.185,17,24,0.708,14,38,52,11,9,5,20,29,-15.0
12018,1610612761,TOR,Toronto Raptors,0011800003,2018-09-29,TOR vs. POR,W,238,122,34,82,0.415,12,35,0.343,42,51,0.824,12,33,45,15,8,6,15,28,18.0
22018,1610612761,TOR,Toronto Raptors,1521800077,2018-07-15,TOR @ CLE,L,200,68,25,81,0.309,8,40,0.2,10,15,0.667,9,26,35,13,6,7,9,23,-13.2
22018,1610612761,TOR,Toronto Raptors,1521800072,2018-07-14,TOR @ CHA,W,211,87,33,77,0.429,11,25,0.44,10,12,0.833,12,33,45,16,7,5,18,23,0.0
22018,1610612761,TOR,Toronto Raptors,1521800052,2018-07-11,TOR @ DEN,W,199,85,29,67,0.433,12,28,0.429,15,19,0.789,6,34,40,22,5,11,14,15,8.0
22018,1610612761,TOR,Toronto Raptors,1521800032,2018-07-09,TOR @ OKC,L,200,82,27,80,0.338,16,48,0.333,12,16,0.75,15,22,37,18,10,6,13,29,-10.0
22018,1610612761,TOR,Toronto Raptors,1521800021,2018-07-08,TOR vs. MIN,L,199,92,35,72,0.486,11,25,0.44,11,15,0.733,9,22,31,20,7,3,19,28,-4.8
22018,1610612761,TOR,Toronto Raptors,1521800002,2018-07-06,TOR @ NOP,L,199,77,27,82,0.329,8,34,0.235,15,22,0.682,12,21,33,12,6,6,8,29,-13.8
